term,coef,std_err,z,p_value,ci_low,ci_high,exp_coef
Intercept,4.281869391737713,0.4589398113373416,9.329914916861167,1.0595592897988205e-20,3.3823638904449163,5.18137489303051,72.37561199433702
C(era)[T.modern 2018-2025],0.14983522398937194,0.706208995959615,0.2121683876113359,0.8319756683217656,-1.234308973649666,1.5339794216284097,1.1616428160884473
"C(era)[T.recovery 2009-10, 14-16]",0.8033559824885942,0.04063944111796475,19.76788952772948,5.628155578933261e-87,0.7237041415455471,0.8830078234316413,2.2330223516169356
C(property_state)[T.AL],-0.6135911256423565,0.4404310187529457,-1.3931605620778105,0.16357124268279644,-1.4768200600724153,0.24963780878770225,0.5414031272218282
C(property_state)[T.AR],-0.6489900835859145,0.45465107744968847,-1.427446487592964,0.1534512392719011,-1.5400898209196345,0.2421096537478057,0.5225732656748937
C(property_state)[T.AZ],-0.538490857181425,0.4298176588373397,-1.252835582972666,0.21026554902262407,-1.3809179884219347,0.30393627405908485,0.583628366656132
C(property_state)[T.CA],0.20489496179861796,0.4265394113295147,0.48036583808273314,0.6309672811998756,-0.6311069223941467,1.0408968459913825,1.227396134709622
C(property_state)[T.CO],-0.1341702040117573,0.43893178880994616,-0.3056743836565729,0.7598525792060249,-0.9944607017489928,0.7261202937254783,0.8744412185331539
C(property_state)[T.CT],-0.17867526178064158,0.4409041290553305,-0.40524742229896205,0.6852956499517731,-1.0428314753640893,0.6854809518028062,0.8363774590285099
C(property_state)[T.DC],0.1025106533619874,0.5407836034445971,0.1895594702003378,0.8496543493785476,-0.9574057328192137,1.1624270395431886,1.1079491052298136
C(property_state)[T.DE],0.12060769453071604,0.4781260291587949,0.252250844286622,0.8008471803125876,-0.8165021026916696,1.0577174917531016,1.128182233479804
C(property_state)[T.FL],-0.12695343042456772,0.42634127908731523,-0.2977741932386695,0.7658755123456499,-0.9625669825584453,0.7086601217093098,0.8807746889454082
C(property_state)[T.GA],-0.3549129652129741,0.42925686903893584,-0.8268078877982536,0.40834595855563394,-1.196240968645715,0.4864150382197667,0.7012344723456607
C(property_state)[T.GU],21.207929182471467,12631.200415888356,0.00167901137533965,0.9986603433756371,-24735.48996746606,24777.905825831,1623628315.088023
C(property_state)[T.HI],-0.03986525449688978,0.4803463258564175,-0.08299273326555241,0.9338573176952178,-0.9813267532816091,0.9015962442878295,0.9609189099312915
C(property_state)[T.IA],-0.5289872160392,0.45879489550502794,-1.1529928105606022,0.24891333543524674,-1.4282086875198723,0.37023425544147237,0.5892014013281154
C(property_state)[T.ID],-0.49549079003650104,0.4493429775191647,-1.1027006425517536,0.270157187660115,-1.376186842680055,0.38520526260705296,0.6092718093716118
C(property_state)[T.IL],-0.5353782929951734,0.42809940567626775,-1.2505934040002633,0.21108285832561424,-1.3744377099236602,0.30368112393331337,0.5854477774558348
C(property_state)[T.IN],-0.385776328459306,0.4351797231649035,-0.8864758809387886,0.37536114546735955,-1.238712912664628,0.46716025574601594,0.6799225880064917
C(property_state)[T.KS],-0.801752852525013,0.45712727779093637,-1.7538941373165846,0.07944864835881359,-1.697705853346085,0.09420014829605872,0.4485420465845824
C(property_state)[T.KY],-0.4284223613566694,0.4446173838709139,-0.9635753726648115,0.3352588587993903,-1.2998564206440806,0.44301169793074174,0.6515361729751317
C(property_state)[T.LA],0.20063414502478646,0.4440620607585231,0.4518155518219096,0.6514018651525404,-0.669711500962556,1.070979791012129,1.2221775502818375
C(property_state)[T.MA],0.28210140953413915,0.4352146847839949,0.6481890878157094,0.516862658856374,-0.5709036981854432,1.1351065172537214,1.3259131734064715
C(property_state)[T.MD],-0.05961856727423596,0.43226489264423407,-0.1379213724934717,0.8903025590240281,-0.9068421886380077,0.7876050540895357,0.9421238219151292
C(property_state)[T.ME],-0.29652509743483607,0.4668790560264515,-0.6351218663748244,0.5253489368110393,-1.2115912323827391,0.6185410375130669,0.7433969696729729
C(property_state)[T.MI],-0.733668345519757,0.42974620999081997,-1.7072130677672044,0.08778245701084951,-1.5759554395943514,0.10861874855483733,0.48014441991081286
C(property_state)[T.MN],-0.5234758307068157,0.4337578971385202,-1.2068387322978102,0.22749425646877663,-1.3736256871081447,0.3266740256945133,0.5924576823564071
C(property_state)[T.MO],-0.769039350481103,0.4342133666334903,-1.7711093429563436,0.07654252065858883,-1.62008191068863,0.08200320972642405,0.4634580753061993
C(property_state)[T.MS],-0.317028706577162,0.45717177326698716,-0.693456431729476,0.48802315847541233,-1.2130689169287683,0.5790115037744443,0.7283098475427743
C(property_state)[T.MT],-0.08041106201538606,0.49859152114175626,-0.16127643292298208,0.8718756840706459,-1.0576324864502693,0.8968103624194971,0.9227369663005677
C(property_state)[T.NC],-0.21183331492330634,0.4318057359645598,-0.4905755002307159,0.6237267180697471,-1.0581570057316554,0.6344903758850428,0.8090995511478837
C(property_state)[T.ND],1.3239199241490618,0.7656053019322254,1.729246023777224,0.0837650724566948,-0.17663889401101396,2.8244787423091378,3.758124103076095
C(property_state)[T.NE],-0.5707527436351556,0.4943216384074387,-1.154618166167995,0.24824682417273292,-1.539605351692567,0.39809986442225576,0.5650999032046983
C(property_state)[T.NH],-0.17884273690050706,0.45516016427588035,-0.3929226477563784,0.6943766136460748,-1.0709402660785672,0.713254792277553,0.8362373983419739
C(property_state)[T.NJ],-0.042403236221547236,0.4307343719363849,-0.09844405040378287,0.9215796973657512,-0.8866270921203419,0.8018206196772475,0.9584832074905831
C(property_state)[T.NM],-0.4799306894729108,0.45632331690471856,-1.051733873097529,0.29292166544509224,-1.3743079559120168,0.4144465769661952,0.6188262814955173
C(property_state)[T.NV],-0.05048241607908199,0.4367683405762723,-0.11558167428636305,0.9079840873539626,-0.9065326331958999,0.805567801037736,0.9507706468012058
C(property_state)[T.NY],0.29849265390863167,0.43049498639255734,0.6933708018528324,0.488076880962815,-0.5452620149458414,1.1422473227631047,1.3478256359101488
C(property_state)[T.OH],-0.6729430160347615,0.4305487827697274,-1.5629890106893531,0.11805517964218684,-1.5168031238509867,0.17091709178146364,0.5102048251064929
C(property_state)[T.OK],-0.5023640645195853,0.45219223570824607,-1.1109524331676275,0.266588824419702,-1.3886445605963944,0.383916431557224,0.6050984756547405
C(property_state)[T.OR],-0.4209531256093897,0.43707358251125467,-0.9631172929527264,0.3354886644101792,-1.2776016059253443,0.43569535470656506,0.6564208700163017
C(property_state)[T.PA],-0.15605018311523589,0.430976715287355,-0.3620849516456799,0.7172885486259445,-1.0007490232538245,0.6886486570233528,0.8555162568228556
C(property_state)[T.PR],1.162139352169064,0.4847631072634242,2.3973345635346544,0.01651483676546078,0.21202112089902547,2.1122575834391024,3.19676497188557
C(property_state)[T.RI],-0.31245963014156336,0.46588828487797324,-0.6706750100475346,0.5024275859700169,-1.2255838893215276,0.6006646290384008,0.7316451647621868
C(property_state)[T.SC],-0.32464872706091474,0.4381495670209514,-0.7409541204576626,0.4587212589047359,-1.1834060982637982,0.5341086441419687,0.722781202531668
C(property_state)[T.SD],-0.5927134375597379,0.5943373874458736,-0.9972676295982077,0.31863462166887047,-1.7575933116192783,0.5721664364998024,0.5528251910999913
C(property_state)[T.TN],-0.27299734713643886,0.4369633219546716,-0.624760325226469,0.5321283736899198,-1.1294297207325754,0.5834350264596977,0.7610948067069354
C(property_state)[T.TX],0.043926093808634104,0.42984591828631785,0.10219032434635145,0.9186056076028563,-0.798556424934096,0.8864086125513642,1.0449051270763914
C(property_state)[T.UT],0.14514569688415518,0.443525540100323,0.32725442789906534,0.7434754576038367,-0.7241483879361534,1.014439781704464,1.1562080139019282
C(property_state)[T.VA],-0.3954569126509271,0.4325828694174159,-0.9141760818765466,0.36062432991640947,-1.2433037570380554,0.45238993173620135,0.6733722966273602
C(property_state)[T.VI],-0.6768451330148962,1.6238550467017565,-0.41681376326640085,0.6768146345766002,-3.8595425406639463,2.505852274634154,0.5082178254688673
C(property_state)[T.VT],0.00013930308901172195,0.5421383496990416,0.00025695118061478875,0.9997949826223634,-1.0624323369590911,1.0627109431371147,1.0001393127921376
C(property_state)[T.WA],-0.3035025228356712,0.43203267220930447,-0.7024990061136742,0.48236802132076095,-1.1502710005105066,0.5432659548391643,0.7382280267014503
C(property_state)[T.WI],-0.7412910425208764,0.4349296956725386,-1.7043928016333916,0.08830772783621944,-1.5937375818460182,0.1111554968042654,0.47649833862227364
C(property_state)[T.WV],-0.6744215213732149,0.4813194856535824,-1.40119305674363,0.16115635002860706,-1.6177903783115797,0.2689473355651498,0.509451041922412
C(property_state)[T.WY],-0.69099281288966,0.5905530913996686,-1.1700773782284999,0.24196983115660142,-1.8484556029918013,0.4664699772124813,0.501078344993862
ltv10,-0.2475000097376001,0.007451659738595842,-33.21407826174279,6.742464452552914e-242,-0.2621049944502951,-0.2328950250249051,0.7807502132082923
fico_s,-0.364342362008321,0.024258260658751928,-15.019311035264726,5.487510501947179e-51,-0.41188767922705966,-0.3167970447895823,0.6946533311179715
loan_age_at_default,0.006585968474018754,0.0005172430297711879,12.732831754025144,3.8848923510733766e-37,0.005572190764412847,0.007599746183624662,1.0066077036539263
